coicop_1,coicop_2
CP01,CP011
CP01,CP012
CP02,CP021
CP02,CP022
CP03,CP031
CP03,CP032
CP04,CP041
CP04,CP042
CP04,CP043
CP04,CP044
CP04,CP045
CP05,CP051
CP05,CP052
CP05,CP053
CP05,CP054
CP05,CP055
CP05,CP056
CP06,CP061
CP06,CP062
CP06,CP063
CP07,CP071
CP07,CP072
CP07,CP073
CP08,CP081
CP08,CP082
CP08,CP083
CP09,CP091
CP09,CP092
CP09,CP093
CP09,CP094
CP09,CP095
CP09,CP096
CP10,CP101
CP10,CP102
CP10,CP103
CP10,CP104
CP10,CP105
CP11,CP111
CP11,CP112
CP12,CP121
CP12,CP122_127
CP12,CP123
CP12,CP124
CP12,CP125
CP12,CP126
CP12,CP127
