,Market,Year,GDP_EURO,CS_EURO,CS_pct_EURO
13,AL,2008,1119284.5,906422.9,0.809823508
14,AL,2009,1177341,931889.5,0.791520469
15,AL,2010,1262378.5,948053.1,0.751005423
16,AL,2011,1317840.2,999753.3,0.758630143
17,AL,2012,1331802.7,1015804.8,0.762729194
18,AL,2013,1356283.4,1028545.8,0.758356108
19,AL,2014,1402214.4,1083068.4,0.772398572
20,AL,2015,1449316,1106002.3,0.763120189
21,AL,2016,1500338.6,1140952.2,0.760463138
22,AL,2017,1577599.1,1172308.1,0.743096329
23,AL,2018,1661121.3,1219609.9,0.734208814
24,AL,2019,1707582.5,1275319.6,0.746856799
25,AL,2020,1662252.9,1215499.4,0.731236143
26,AL,2021,1870218.3,1319903.6,0.705748415
27,AL,2022,2150557.8,1516862.7,0.705334542
28,AL,2023,2365186.4,1635304.3,0.691406098
29,AL,2024,2517279.1,1738475,0.690616706
30,AL,2025,2648505.3,1835769.6,0.693134199
44,AT,2008,291846.2,150122.5,0.514389086
45,AT,2009,286274.1,151884.2,0.530555157
46,AT,2010,294050.6,156478.6,0.532148549
47,AT,2011,308167,163168.5,0.529480769
48,AT,2012,316589.4,168036.5,0.530771087
49,AT,2013,321191.7,170938,0.532199307
50,AT,2014,330113.5,174213.1,0.527736975
51,AT,2015,342083.5,178621,0.52215614
52,AT,2016,355665.6,184352.5,0.518330983
53,AT,2017,367294.9,191370.9,0.521027926
54,AT,2018,383234.3,197148.2,0.514432555
55,AT,2019,395706.8,201984.5,0.5104398
56,AT,2020,380317.9,188599.7,0.49590014
57,AT,2021,406231.5,201703,0.496522303
58,AT,2022,449382.2,228963.2,0.509506607
59,AT,2023,477837.3,246995.1,0.516902092
60,AT,2024,494087.6,257599.4,0.521363823
61,AT,2025,514328.1,266586.7,0.51832031
70,BA,2008,25519.3,21958.1,0.860450718
71,BA,2009,24798.5,21416.1,0.863604654
72,BA,2010,25365,21796,0.859294303
73,BA,2011,26231.3,22556.4,0.859904008
74,BA,2012,26222.7,22956.2,0.875432354
75,BA,2013,26778.8,23193.8,0.866125443
76,BA,2014,27358.7,23575.6,0.861722231
77,BA,2015,28928.9,23764.2,0.821469188
78,BA,2016,30265.1,24001.2,0.793032238
79,BA,2017,31802.7,24604,0.773645005
80,BA,2018,33941.8,25422,0.748987974
81,BA,2019,35784.9,26300.2,0.734952452
82,BA,2020,34727.5,25511.6,0.734622417
83,BA,2021,39145.3,27333.4,0.698254963
84,BA,2022,45617.9,31502.2,0.690566642
85,BA,2023,49920.2,34800.5,0.697122608
86,BA,2024,53752.2,37035.8,0.689009938
87,BA,2025,56550.7,39219.8,0.693533413
101,BE,2008,351743.1,178419.2,0.507242928
102,BE,2009,347734.9,180099.5,0.517921842
103,BE,2010,363242.4,190228.2,0.523694921
104,BE,2011,378745.4,196479.4,0.518763792
105,BE,2012,387934.9,203724.2,0.525150483
106,BE,2013,394616.3,208504.6,0.528373004
107,BE,2014,404958.3,212249.3,0.524126311
108,BE,2015,415538,217398.6,0.523173813
109,BE,2016,428467.1,224178.4,0.5232103
110,BE,2017,443407.2,233086.8,0.525672114
111,BE,2018,459491.8,241730.6,0.526082511
112,BE,2019,479444.9,248825.6,0.518986853
113,BE,2020,463750.9,233039,0.502508998
114,BE,2021,506047.2,252604.9,0.499172607
115,BE,2022,561678.2,289653.3,0.515692615
116,BE,2023,601866.5,311156.6,0.516986076
117,BE,2024,619914.3,322938.5,0.520940556
118,BE,2025,642015.3,335887.5,0.523176784
132,BG,2008,37246.1,24455.4,0.656589549
133,BG,2009,37417.1,23564.3,0.629773553
134,BG,2010,38289.4,24568,0.641639723
135,BG,2011,41479.2,25979.9,0.626335609
136,BG,2012,42254.6,27719.3,0.656006683
137,BG,2013,42055.5,26272.1,0.624700693
138,BG,2014,43024,27021.6,0.628058758
139,BG,2015,45797.1,28428.4,0.620746729
140,BG,2016,48751.4,29510.4,0.605324155
141,BG,2017,52501,31632.8,0.602518047
142,BG,2018,55999.7,33422.4,0.596831769
143,BG,2019,61194.4,36179,0.591214229
144,BG,2020,61855.6,35874.1,0.579965274
145,BG,2021,71343.9,41318.8,0.579149724
146,BG,2022,86078.2,49855.4,0.579187297
147,BG,2023,94525.1,54489.6,0.576456412
148,BG,2024,104767.2,60030.7,0.572991356
149,BG,2025,116018.3,67867.5,0.584972371
163,CH,2008,622461.8,325402,0.522766216
164,CH,2009,613318,327640.2,0.534209333
165,CH,2010,636172,335274.3,0.527018322
166,CH,2011,645812.3,338394.5,0.523982742
167,CH,2012,654393.6,342918.6,0.52402499
168,CH,2013,666210.4,349297.5,0.524305084
169,CH,2014,679021.9,351945.7,0.518312738
170,CH,2015,679632.7,354958.7,0.522280196
171,CH,2016,688404.2,358919.7,0.5213793
172,CH,2017,695842.6,366780.1,0.527102106
173,CH,2018,724383.2,371229.8,0.512477098
174,CH,2019,731800.8,375004,0.512439997
175,CH,2020,709854.6,359492.5,0.506431176
176,CH,2021,768279.4,368464.5,0.479597006
177,CH,2022,819703.7,395359.7,0.482320258
178,CH,2023,834189.8,407117.8,0.488039772
179,CH,2024,853957,421086.5,0.493100355
180,CH,2025,867544.7,429665.1,0.495265662
194,CY,2008,19009.5,12689.8,0.667550435
195,CY,2009,18675.5,11895.4,0.636952157
196,CY,2010,19461.1,12805.2,0.657989528
197,CY,2011,19858.1,13066.6,0.657998499
198,CY,2012,19495.4,13036.2,0.668680817
199,CY,2013,18040.3,12093.2,0.67034362
200,CY,2014,17482.8,12007.3,0.686806461
201,CY,2015,17944.2,12078.2,0.673097714
202,CY,2016,19013.8,12456.5,0.655129432
203,CY,2017,20312.4,13187.7,0.649243812
204,CY,2018,21807.8,14163.5,0.649469456
205,CY,2019,23400.9,14850.8,0.634625164
206,CY,2020,22373.6,13765.6,0.615260843
207,CY,2021,25679.9,14607.3,0.568822308
208,CY,2022,29645.4,17144.7,0.578325811
209,CY,2023,32439.2,18829.9,0.580467459
210,CY,2024,34770.2,19915,0.572760582
211,CY,2025,36483.5,20651.1,0.566039442
225,CZ,2008,4037564,1916606,0.474693652
226,CZ,2009,3945505,1924967,0.487888623
227,CZ,2010,4032952,2005645,0.497314374
228,CZ,2011,4095355,2041557,0.498505502
229,CZ,2012,4118386,2065160,0.501448869
230,CZ,2013,4169011,2094489,0.502394693
231,CZ,2014,4377991,2147390,0.490496668
232,CZ,2015,4651813,2237695,0.481037178
233,CZ,2016,4843030,2342192,0.483621204
234,CZ,2017,5179344,2520344,0.486614521
235,CZ,2018,5475773,2684748,0.490295708
236,CZ,2019,5888869,2848112,0.483643294
237,CZ,2020,5828318,2744536,0.470896749
238,CZ,2021,6307755,2979988,0.472432426
239,CZ,2022,7049872,3423701,0.485640165
240,CZ,2023,7659655,3620896,0.472723119
241,CZ,2024,8069326,3829278,0.474547441
242,CZ,2025,8573124,4050012,0.472407958
260,DE,2008,2589280,1423468,0.549754372
261,DE,2009,2493970,1427145,0.572238239
262,DE,2010,2615260,1458929,0.557852374
263,DE,2011,2747210,1506357,0.54832248
264,DE,2012,2800680,1547694,0.552613651
265,DE,2013,2869480,1574723,0.548783403
266,DE,2014,2988470,1609612,0.538607381
267,DE,2015,3094190,1657680,0.535739564
268,DE,2016,3204870,1711311,0.533972049
269,DE,2017,3345860,1770950,0.529295906
270,DE,2018,3450580,1832014,0.530929293
271,DE,2019,3557630,1893988,0.532373518
272,DE,2020,3477670,1785289,0.513357794
273,DE,2021,3713090,1884403,0.507502646
274,DE,2022,4010630,2138784,0.533278812
275,DE,2023,4254930,2274314,0.534512671
276,DE,2024,4386940,2359248,0.537788983
277,DE,2025,4529710,2449116,0.540678322
291,DK,2008,1809720.8,858907.6,0.474607796
292,DK,2009,1729529,838858,0.485021066
293,DK,2010,1812895.8,870260.2,0.480038731
294,DK,2011,1848531.1,892352.6,0.482736049
295,DK,2012,1892938,916386.9,0.484108249
296,DK,2013,1935555.2,937099.3,0.484150129
297,DK,2014,1980261.2,940717.8,0.475047332
298,DK,2015,2030205.9,960935.5,0.473319233
299,DK,2016,2101520.3,993187.3,0.47260419
300,DK,2017,2189589.4,1029939.2,0.470380063
301,DK,2018,2243542.2,1073741.4,0.478592023
302,DK,2019,2303636.7,1101811.6,0.478292258
303,DK,2020,2326592.3,1089667,0.468353222
304,DK,2021,2553260.5,1172407.7,0.459180605
305,DK,2022,2831269.6,1235907.4,0.436520563
306,DK,2023,2781327.8,1249811,0.449357677
307,DK,2024,2985554.6,1283386.2,0.429865259
308,DK,2025,3118537.7,1344006.7,0.430973369
322,EA,2008,9532562.7,5255005.9,0.551268957
323,EA,2009,9275870.2,5211331.2,0.561815882
324,EA,2010,9538991.9,5340423.5,0.55985198
325,EA,2011,9825148.5,5474909.8,0.557234305
326,EA,2012,9853169.3,5511889.1,0.559402658
327,EA,2013,9958214.7,5537855.4,0.556109259
328,EA,2014,10221444.5,5635726.1,0.55136298
329,EA,2015,10623224.7,5793444.3,0.545356468
330,EA,2016,10914400.8,5936069.5,0.543874978
331,EA,2017,11330657.7,6132561.2,0.541236119
332,EA,2018,11710378.1,6329438,0.540498176
333,EA,2019,12104704.7,6496810.2,0.536717777
334,EA,2020,11591006.8,6033351.3,0.520520038
335,EA,2021,12591096.5,6463703.8,0.513355116
336,EA,2022,13714670.7,7261907.5,0.529499225
337,EA,2023,14702286.8,7805854.6,0.530927923
338,EA,2024,15299554.9,8110899.7,0.530139586
339,EA,2025,15852835.5,8389672,0.52922217
353,EA12,2008,9469574.6,5219367.5,0.55117233
354,EA12,2009,9151021.6,5138596.2,0.561532518
355,EA12,2010,9407891.3,5265135.6,0.559650982
356,EA12,2011,9673104,5389334.4,0.557146331
357,EA12,2012,9698446.7,5423903.6,0.559254875
358,EA12,2013,9802197.8,5450534.2,0.556052256
359,EA12,2014,10038024,5532944.5,0.551198573
360,EA12,2015,10393993.1,5665032.1,0.545029427
361,EA12,2016,10677380.1,5802496.1,0.543438189
362,EA12,2017,11077615.9,5990518.6,0.540776883
363,EA12,2018,11438614.2,6178050,0.540104762
364,EA12,2019,11816727.4,6337128.7,0.536284581
365,EA12,2020,11305863.3,5877315,0.519846636
366,EA12,2021,12274343.4,6292016.3,0.512615306
367,EA12,2022,13360523.3,7059837.7,0.528410268
368,EA12,2023,14230050.1,7542346.4,0.530029504
369,EA12,2024,14798583.3,7831175.4,0.529184128
370,EA12,2025,15321628.8,8096592.2,0.528442002
384,EA19,2008,9671285.5,5334323.1,0.551562985
385,EA19,2009,9335382.8,5248007.6,0.562163086
386,EA19,2010,9598969.4,5376864.5,0.560150187
387,EA19,2011,9875237.6,5505690.3,0.557524844
388,EA19,2012,9907680.6,5545037.7,0.559670616
389,EA19,2013,10015085.8,5572745,0.556435073
390,EA19,2014,10257854.7,5657977,0.551575077
391,EA19,2015,10623224.7,5793444.3,0.545356468
392,EA19,2016,10914400.8,5936069.5,0.543874978
393,EA19,2017,11330657.7,6132561.2,0.541236119
394,EA19,2018,11710378.1,6329438,0.540498176
395,EA19,2019,12104704.7,6496810.2,0.536717777
396,EA19,2020,11591006.8,6033351.3,0.520520038
397,EA19,2021,12591096.5,6463703.8,0.513355116
398,EA19,2022,13714670.7,7261907.5,0.529499225
399,EA19,2023,14623100.4,7761054.5,0.530739329
400,EA19,2024,15213649.7,8061778.1,0.529904281
401,EA19,2025,15759860.3,8337440.9,0.529030127
415,EA20,2008,9719842,5363475.9,0.551806902
416,EA20,2009,9381244.1,5274972.8,0.56228926
417,EA20,2010,9644953.1,5403985.5,0.560291527
418,EA20,2011,9920996.5,5533110.5,0.557717211
419,EA20,2012,9952548.3,5572346.8,0.55989146
420,EA20,2013,10059885.1,5599929.4,0.55665938
421,EA20,2014,10302135.4,5684207.5,0.551750417
422,EA20,2015,10668712.3,5819761.2,0.545497998
423,EA20,2016,10961974.3,5963205.8,0.543990128
424,EA20,2017,11380862,6161065.1,0.541353115
425,EA20,2018,11763413.5,6359508.5,0.540617611
426,EA20,2019,12160472.5,6528457.4,0.53685886
427,EA20,2020,11641724.6,6063049.3,0.520803361
428,EA20,2021,12649486.8,6497505.1,0.513657605
429,EA20,2022,13782280.2,7301824.2,0.529797979
430,EA20,2023,14702286.8,7805854.6,0.530927923
431,EA20,2024,15299554.9,8110899.7,0.530139586
432,EA20,2025,15852835.5,8389672,0.52922217
446,EA21,2008,9757088.1,5387931.4,0.552206903
447,EA21,2009,9418661.2,5298537.1,0.562557352
448,EA21,2010,9683242.5,5428553.5,0.560613193
449,EA21,2011,9962475.7,5559090.4,0.558002907
450,EA21,2012,9994802.9,5600066.2,0.560297812
451,EA21,2013,10101940.6,5626201.5,0.556942643
452,EA21,2014,10345159.5,5711229.1,0.552067767
453,EA21,2015,10714509.4,5848189.6,0.545819634
454,EA21,2016,11010725.7,5992716.2,0.544261692
455,EA21,2017,11433362.9,6192697.8,0.541633975
456,EA21,2018,11819413.2,6392930.9,0.54088395
457,EA21,2019,12221666.9,6564636.4,0.537131019
458,EA21,2020,11703580.1,6098923.5,0.521116056
459,EA21,2021,12720830.8,6538823.9,0.514024909
460,EA21,2022,13868358.4,7351679.7,0.530104536
461,EA21,2023,14796811.9,7860344.1,0.531218762
462,EA21,2024,15404322.2,8170930.4,0.530431024
463,EA21,2025,15968853.7,8457539.5,0.529627214
477,EE,2008,16618.9,8859.2,0.533079807
478,EE,2009,14132.5,7538.2,0.533394658
479,EE,2010,14741.8,7728.5,0.524257553
480,EE,2011,16741.9,8444.4,0.504387196
481,EE,2012,18086.6,9269.3,0.512495439
482,EE,2013,19163.2,9979.4,0.520758537
483,EE,2014,20365.6,10465.9,0.513900892
484,EE,2015,21010.9,10980.8,0.522623971
485,EE,2016,22189,11631.2,0.524187661
486,EE,2017,24316.1,12449.5,0.511985886
487,EE,2018,26438.5,13498.9,0.510577378
488,EE,2019,28472.1,14475.5,0.508409987
489,EE,2020,27859.3,14156.3,0.508135524
490,EE,2021,31453.3,15843.3,0.503708673
491,EE,2022,36442.8,19173.7,0.526131362
492,EE,2023,38157.9,20589.9,0.539597305
493,EE,2024,39883,21315.6,0.534453276
494,EE,2025,41874.8,21917.4,0.523403097
508,EL,2008,238735.4,156770,0.656668429
509,EL,2009,234322.6,155326.2,0.662873321
510,EL,2010,223590.5,149210.6,0.667338729
511,EL,2011,203475,141387.9,0.6948662
512,EL,2012,185899.2,129394.7,0.696047643
513,EL,2013,178113.9,123271.4,0.692093093
514,EL,2014,176071.8,120505.4,0.684410564
515,EL,2015,175362.9,119397.1,0.680857239
516,EL,2016,174448.2,118786,0.680924194
517,EL,2017,177378.5,122196.2,0.688900853
518,EL,2018,180615.7,125056,0.692387207
519,EL,2019,185181.2,128410,0.693428923
520,EL,2020,167539.5,119055.4,0.710610931
521,EL,2021,184574.6,126337.4,0.684478796
522,EL,2022,207008.7,146877.7,0.709524286
523,EL,2023,224686.2,155442.8,0.69182175
524,EL,2024,236736,162570.8,0.686717694
525,EL,2025,248353.7,171484.8,0.69048619
539,ES,2008,1112432,639994,0.575310671
540,ES,2009,1072990,611492,0.569895339
541,ES,2010,1077145,626405,0.581541947
542,ES,2011,1068690,625508,0.585303502
543,ES,2012,1035964,617155,0.595730161
544,ES,2013,1025652,605124,0.589989587
545,ES,2014,1038949,616417,0.593308237
546,ES,2015,1087112,634404,0.583568206
547,ES,2016,1122967,652537,0.58108297
548,ES,2017,1170024,682792,0.583570935
549,ES,2018,1212276,704368,0.581029403
550,ES,2019,1253710,720025,0.574315432
551,ES,2020,1129214,633624,0.561119504
552,ES,2021,1235474,693559,0.561370778
553,ES,2022,1375863,775799,0.563863553
554,ES,2023,1497761,830057,0.554198567
555,ES,2024,1594330,882611,0.553593673
556,ES,2025,1687152,937447,0.555638733
570,EU27_2020,2008,11136711.4,6121403.4,0.549659875
571,EU27_2020,2009,10650731.2,5960905.4,0.559671002
572,EU27_2020,2010,11047318.9,6163129.7,0.557884656
573,EU27_2020,2011,11407469.8,6333777.3,0.555230688
574,EU27_2020,2012,11467712.1,6393922.8,0.557558713
575,EU27_2020,2013,11597070.7,6423864.5,0.553921302
576,EU27_2020,2014,11871005.1,6515637.2,0.548869885
577,EU27_2020,2015,12315195.7,6681629.9,0.542551662
578,EU27_2020,2016,12647804.8,6844546.7,0.541164796
579,EU27_2020,2017,13181987.8,7109941.2,0.539367909
580,EU27_2020,2018,13645000.7,7355037.3,0.53902799
581,EU27_2020,2019,14142960.8,7563237.7,0.534770463
582,EU27_2020,2020,13604737.6,7068643.1,0.519572175
583,EU27_2020,2021,14823075,7604793.4,0.513037504
584,EU27_2020,2022,16194128.9,8555018.5,0.528279017
585,EU27_2020,2023,17294868.6,9150710,0.529099712
586,EU27_2020,2024,18101412,9564429.3,0.528380289
587,EU27_2020,2025,18856104.9,9960621,0.528243826
616,FI,2008,194253,95808,0.49321246
617,FI,2009,181735,94766,0.521451564
618,FI,2010,188147,98228,0.522081139
619,FI,2011,197655,104418,0.528284131
620,FI,2012,200378,107778,0.537873419
621,FI,2013,203497,109843,0.539776999
622,FI,2014,205855,111849,0.543338758
623,FI,2015,210192,113898,0.541875999
624,FI,2016,215717,116181,0.53858064
625,FI,2017,224706,117900,0.524685589
626,FI,2018,231905,120787,0.520846899
627,FI,2019,238518,122478,0.513495837
628,FI,2020,236387,118723,0.502239971
629,FI,2021,248764,125257,0.50351739
630,FI,2022,266135,134505,0.505401394
631,FI,2023,273005,139960,0.512664603
632,FI,2024,276151,141962,0.514073822
633,FI,2025,281674,142217,0.504899281
667,FR,2008,1989999.7,1086786,0.5461237
668,FR,2009,1935840.2,1072827.7,0.554192283
669,FR,2010,1996075.1,1106397.2,0.554286359
670,FR,2011,2062141.4,1135429.5,0.550607005
671,FR,2012,2088286.7,1146393.5,0.548963655
672,FR,2013,2120351.9,1160706.7,0.547412295
673,FR,2014,2153733.1,1174088,0.5451409
674,FR,2015,2201401.6,1196047.6,0.543311861
675,FR,2016,2231819.2,1219209.6,0.546285111
676,FR,2017,2291680.5,1246646.7,0.543988004
677,FR,2018,2355362.8,1283910.2,0.545100823
678,FR,2019,2432206.8,1315980.4,0.541064354
679,FR,2020,2318276.2,1242136.8,0.535801903
680,FR,2021,2508102.3,1325106.9,0.528330483
681,FR,2022,2653997.2,1435352.6,0.54082672
682,FR,2023,2833826.4,1547915.1,0.54622792
683,FR,2024,2935236.2,1595520.7,0.543574892
684,FR,2025,2991055.9,1615416.8,0.54008245
698,HR,2008,46554.8,27951.1,0.600391367
699,HR,2009,44677.4,26269.2,0.587975128
700,HR,2010,44486.1,26237.7,0.589795464
701,HR,2011,45178.9,27072.6,0.599231057
702,HR,2012,44791.5,27262.7,0.608657893
703,HR,2013,45061.5,27343.6,0.606806254
704,HR,2014,44867.9,26578.2,0.592365589
705,HR,2015,45965.7,26593.5,0.578550963
706,HR,2016,47565.9,27132,0.570408633
707,HR,2017,49732.5,28236.1,0.567759513
708,HR,2018,52216.7,29606.3,0.566989105
709,HR,2019,54905.5,31157.9,0.567482311
710,HR,2020,50744,29713.4,0.585554942
711,HR,2021,58343.1,33774,0.578885935
712,HR,2022,67613,39918.8,0.590401254
713,HR,2023,79186.3,44800.1,0.565755693
714,HR,2024,85905.2,49121.5,0.571810554
715,HR,2025,92975.1,52231.2,0.561776218
729,HU,2008,27233189,14574153,0.535161453
730,HU,2009,26467800,14170851,0.535399655
731,HU,2010,27427573,14453617,0.526973969
732,HU,2011,28492068,15016344,0.527035946
733,HU,2012,28919193,15530913,0.537045173
734,HU,2013,30343344,15799349,0.520685822
735,HU,2014,32826770,16377244,0.498899039
736,HU,2015,34984755,17096388,0.488681084
737,HU,2016,36311882,18094240,0.498300804
738,HU,2017,39335929,19716195,0.501226118
739,HU,2018,43553984,21432243,0.492084559
740,HU,2019,47940496,23551718,0.491269802
741,HU,2020,48807766,24253760,0.496924198
742,HU,2021,55560466,27022680,0.486365251
743,HU,2022,65950424,33231585,0.503887359
744,HU,2023,75218235,36989361,0.491760555
745,HU,2024,81493548,41977565,0.515102926
746,HU,2025,87045554,45741995,0.525494904
760,IE,2008,187155.1,90610.5,0.484146571
761,IE,2009,169407.8,80141.4,0.473067946
762,IE,2010,167151,79102.7,0.473240962
763,IE,2011,173003.5,78627.1,0.454482713
764,IE,2012,176519,78930.1,0.447147899
765,IE,2013,182697.2,80037.4,0.438087721
766,IE,2014,200397.6,83039,0.41437123
767,IE,2015,272125.4,86202,0.316773076
768,IE,2016,275805.5,90340.3,0.327550756
769,IE,2017,308232.9,94378.7,0.306192817
770,IE,2018,334940.2,101028.9,0.30163265
771,IE,2019,363591,105628.9,0.290515717
772,IE,2020,380700.9,94303.1,0.24770916
773,IE,2021,448469.2,105707.6,0.235707603
774,IE,2022,523248.2,125818,0.240455677
775,IE,2023,520792.2,140341.7,0.269477346
776,IE,2024,561940.5,148061.8,0.263483056
777,IE,2025,602440.9,154416.1,0.256317425
791,IS,2008,1604866.4,824793.9,0.51393306
792,IS,2009,1633577.8,837188.7,0.512487804
793,IS,2010,1701937.5,867262.8,0.509573824
794,IS,2011,1784997.2,918275.3,0.514440751
795,IS,2012,1869206.9,989580.2,0.529411806
796,IS,2013,1984716.7,1035402.9,0.521688007
797,IS,2014,2107905.7,1092045.2,0.518071183
798,IS,2015,2335025.4,1148021.4,0.491652639
799,IS,2016,2547156,1237686.1,0.48590903
800,IS,2017,2677408.9,1324303.5,0.494621311
801,IS,2018,2889194.5,1430782.5,0.495218477
802,IS,2019,3063414.5,1511870,0.493524464
803,IS,2020,2983972.1,1529018.8,0.512410555
804,IS,2021,3331536.5,1706929.2,0.512354945
805,IS,2022,3946957.2,1964541.6,0.497735724
806,IS,2023,4373067,2128500.2,0.486729382
807,IS,2024,4578360.8,2247808.9,0.490963687
808,IS,2025,4955597.4,2459064.7,0.496219628
822,IT,2008,1643718.8,970088.6,0.590179172
823,IT,2009,1584106.8,951476.3,0.600638985
824,IT,2010,1617944.7,976269.6,0.603401093
825,IT,2011,1657362.2,1006432.5,0.60724958
826,IT,2012,1632898.5,996210.5,0.610087216
827,IT,2013,1621260.7,984566.9,0.607284751
828,IT,2014,1635870.7,989832,0.605079607
829,IT,2015,1663277.7,1009503.8,0.606936412
830,IT,2016,1704856.7,1022652.2,0.599846427
831,IT,2017,1744493,1049068.7,0.601360223
832,IT,2018,1777744.4,1068463.8,0.601022172
833,IT,2019,1804066.8,1077801.1,0.597428599
834,IT,2020,1670011.9,966220.1,0.578570787
835,IT,2021,1842507.4,1037700.9,0.563200397
836,IT,2022,1998072.6,1166513.3,0.583819277
837,IT,2023,2142744.4,1231447.5,0.574705737
838,IT,2024,2202031.2,1267864.7,0.575770543
839,IT,2025,2258048.7,1299931.9,0.575688159
840,LI,2013,5924.5,,
841,LI,2014,6099.3,,
842,LI,2015,6032.7,,
843,LI,2016,6146.2,,
844,LI,2017,6375.2,,
845,LI,2018,6544.6,,
846,LI,2019,6396.4,,
847,LI,2020,6014.1,,
848,LI,2021,7230.9,,
849,LI,2022,7091.4,,
850,LI,2023,7403,,
851,LI,2024,7841,,
865,LT,2008,32683.1,21141.2,0.646854185
866,LT,2009,26973.5,18225.9,0.675696517
867,LT,2010,27663.4,17702.7,0.639932185
868,LT,2011,31066.4,19200.5,0.618047151
869,LT,2012,33240.4,20444.5,0.615049759
870,LT,2013,34874,21384.4,0.613190342
871,LT,2014,36410.1,22251,0.611121639
872,LT,2015,37440.7,22944.7,0.612827752
873,LT,2016,38820.7,24078.2,0.620241263
874,LT,2017,42274.6,25767.1,0.609517299
875,LT,2018,45947.4,27366.9,0.59561368
876,LT,2019,49239.2,28751.4,0.583912817
877,LT,2020,50264.6,28168.5,0.56040434
878,LT,2021,56709.1,31851.5,0.561664706
879,LT,2022,67081.1,38396.9,0.572395205
880,LT,2023,74317,41637.7,0.560271539
881,LT,2024,78996.2,43494,0.550583446
882,LT,2025,84258,45981.8,0.545726222
896,LU,2008,40009.6,13665.3,0.341550528
897,LU,2009,39050.7,13831.2,0.354185712
898,LU,2010,42402.7,14579.4,0.343831879
899,LU,2011,44323.5,15257.3,0.344225975
900,LU,2012,46526.2,15961.7,0.343069066
901,LU,2013,49094.5,16334.3,0.332711404
902,LU,2014,51791.3,16945.4,0.327186226
903,LU,2015,54142.3,17614.9,0.325344509
904,LU,2016,56208.1,18342.9,0.326339086
905,LU,2017,58168.8,19306.2,0.331899575
906,LU,2018,60193.4,20259.8,0.336578429
907,LU,2019,62415,20993.6,0.336355043
908,LU,2020,64499.2,19574.8,0.303489036
909,LU,2021,73039.5,22151.4,0.303279732
910,LU,2022,76731.2,24909.3,0.324630659
911,LU,2023,82115.5,27081.7,0.329800099
912,LU,2024,86180.3,28705.4,0.333085404
913,LU,2025,89521.5,29983.4,0.334929598
927,LV,2008,23351.9,13185.5,0.564643562
928,LV,2009,18482.5,10957.2,0.592841877
929,LV,2010,17719.6,11102.2,0.626549132
930,LV,2011,19117.3,11637.7,0.608752282
931,LV,2012,21104.3,12604.6,0.597252693
932,LV,2013,21956.2,13480,0.613949591
933,LV,2014,22790.5,13707.9,0.601474299
934,LV,2015,23744.3,13976.1,0.588608634
935,LV,2016,24498.2,14623.1,0.596905079
936,LV,2017,26017.1,15463,0.594339876
937,LV,2018,28153.4,16447.6,0.58421363
938,LV,2019,29567,16971.9,0.574014949
939,LV,2020,29224.3,16201.3,0.554377693
940,LV,2021,32283.8,17965.6,0.556489633
941,LV,2022,36088.7,21475,0.595061612
942,LV,2023,39564.2,22935.3,0.579698313
943,LV,2024,40652.3,23745.9,0.584121932
944,LV,2025,43026.2,24791.1,0.576186138
945,MD,2014,131964.3,123362.6,0.934817977
946,MD,2015,146740.2,128531.3,0.875910623
947,MD,2016,159010.4,138192.5,0.869078375
948,MD,2017,176007.3,152885.5,0.868631585
949,MD,2018,189062.6,161045.6,0.851810987
950,MD,2019,206256.2,175184.5,0.849353862
951,MD,2020,199733.7,164537.4,0.823783868
952,MD,2021,242078.6,202268.6,0.83554928
953,MD,2022,274488.1,232890.8,0.848454997
954,MD,2023,303554,260311.4,0.85754561
955,MD,2024,323932.5,277233.8,0.855838176
956,MD,2025,353520.9,305849.9,0.865153659
959,ME,2008,3100,2777.7,0.896032258
960,ME,2009,2981.9,2439.2,0.818001945
961,ME,2010,3120.5,2517.3,0.806697645
962,ME,2011,3238,2627.7,0.811519456
963,ME,2012,3169.3,2623,0.827627552
964,ME,2013,3329.6,2710.8,0.81415185
965,ME,2014,3447.2,2765.8,0.802332328
966,ME,2015,3615,2836.8,0.78473029
967,ME,2016,3936.6,3035.7,0.771147691
968,ME,2017,4252.5,3218.9,0.756942975
969,ME,2018,4600.9,3376.3,0.733834685
970,ME,2019,4898.4,3511.8,0.716927976
971,ME,2020,4144.8,3382.1,0.815986296
972,ME,2021,4923.2,3641.6,0.739681508
973,ME,2022,5944.4,4584.2,0.771179598
974,ME,2023,7068.8,5304.4,0.750396107
975,ME,2024,7644.5,6033.9,0.789312578
976,ME,2025,8170.7,6643.4,0.813075991
985,MK,2008,414890.1,326124.7,0.786050812
986,MK,2009,414621.9,318212.8,0.767477068
987,MK,2010,437295.5,330344.2,0.755425565
988,MK,2011,464186.3,343080.1,0.739100012
989,MK,2012,466702.7,344851.6,0.73891066
990,MK,2013,501891,360115,0.717516353
991,MK,2014,527631,368311.4,0.69804731
992,MK,2015,558953.6,384798,0.688425658
993,MK,2016,594794.9,398025.9,0.669181763
994,MK,2017,618105.5,411980.7,0.666521654
995,MK,2018,660878.2,435204.8,0.658524975
996,MK,2019,692682.9,453725.6,0.65502642
997,MK,2020,669280.2,442006.3,0.660420404
998,MK,2021,729444.5,494433.1,0.677821411
999,MK,2022,816083.8,567487.6,0.695379077
1000,MK,2023,902905.2,617930.9,0.684380708
1001,MK,2024,964086.7,644230.6,0.668228905
1002,MK,2025,1043880.6,685125.8,0.656325829
1016,MT,2008,6236.5,3813,0.611400625
1017,MT,2009,6287.6,3832.9,0.609596666
1018,MT,2010,6862,4017,0.585397843
1019,MT,2011,7032.8,4270.8,0.607268798
1020,MT,2012,7479.5,4426.9,0.591871114
1021,MT,2013,8129.4,4634.2,0.570054371
1022,MT,2014,8948.5,4803,0.536738001
1023,MT,2015,10221.4,5043.7,0.493445125
1024,MT,2016,10864.3,5230.6,0.481448414
1025,MT,2017,12535.7,5617.4,0.448112192
1026,MT,2018,13678.6,6253.7,0.457188601
1027,MT,2019,14594.2,6738.2,0.461703965
1028,MT,2020,14362.4,6124.8,0.426446833
1029,MT,2021,16703,6828.5,0.408818775
1030,MT,2022,18028.1,7894.5,0.437899723
1031,MT,2023,20914.5,9650.5,0.461426283
1032,MT,2024,23079.3,10558.2,0.45747488
1033,MT,2025,24664,11055,0.448224132
1047,NL,2008,651299,294904,0.452793571
1048,NL,2009,630173,285927,0.453727786
1049,NL,2010,643022,290857,0.452328225
1050,NL,2011,656013,300190,0.457597639
1051,NL,2012,658232,300662,0.45677208
1052,NL,2013,665567,304838,0.458012492
1053,NL,2014,678627,309660,0.456303684
1054,NL,2015,699175,316815,0.4531269
1055,NL,2016,720175,323097,0.44863679
1056,NL,2017,750861,337163,0.449035174
1057,NL,2018,787273,352300,0.447494071
1058,NL,2019,829767,364276,0.439009987
1059,NL,2020,816463,348703,0.427089776
1060,NL,2021,891550,380427,0.426702933
1061,NL,2022,993820,437447,0.440167234
1062,NL,2023,1050133,471023,0.448536519
1063,NL,2024,1115252,487810,0.437398902
1064,NL,2025,1170579,506991,0.433111306
1098,NO,2008,2662420,1041825,0.391307532
1099,NO,2009,2488057,1075597,0.432304003
1100,NO,2010,2660232,1143943,0.430016254
1101,NO,2011,2874427,1189619,0.413863006
1102,NO,2012,3054670,1247570,0.408414002
1103,NO,2013,3173277,1317551,0.415202014
1104,NO,2014,3250586,1380566,0.424712959
1105,NO,2015,3231063,1457595,0.451119338
1106,NO,2016,3219586,1525327,0.47376495
1107,NO,2017,3438310,1596561,0.464344693
1108,NO,2018,3696944,1666935,0.450895388
1109,NO,2019,3733355,1724628,0.461951248
1110,NO,2020,3599226,1666697,0.463070949
1111,NO,2021,4480477,1804396,0.402724085
1112,NO,2022,5935035,2026344,0.341420733
1113,NO,2023,5304881,2111037,0.397942386
1114,NO,2024,5382441,2212165,0.410996609
1115,NO,2025,5511334,2340592,0.424687018
1129,PL,2008,1290419,798185,0.618547154
1130,PL,2009,1375644,845950,0.614948344
1131,PL,2010,1441650,900073,0.62433531
1132,PL,2011,1563935,967519,0.618643997
1133,PL,2012,1622242,1005360,0.61973491
1134,PL,2013,1637768,1005984,0.614240845
1135,PL,2014,1710185,1035130,0.605273698
1136,PL,2015,1809564,1071722,0.592254267
1137,PL,2016,1865960,1103607,0.591441939
1138,PL,2017,1996836,1192228,0.597058547
1139,PL,2018,2147587,1268446,0.590637772
1140,PL,2019,2313929,1338128,0.578292592
1141,PL,2020,2362909,1340118,0.567147529
1142,PL,2021,2661518,1502813,0.564645063
1143,PL,2022,3100850,1802763,0.581377042
1144,PL,2023,3415274,1968759,0.576457116
1145,PL,2024,3669531,2095018,0.570922551
1146,PL,2025,3912673,2255998,0.576587412
1160,PT,2008,179102.8,118731.5,0.662923751
1161,PT,2009,175416.4,113679.6,0.648055712
1162,PT,2010,179860.4,118450.2,0.658567422
1163,PT,2011,176318,116079.1,0.658350821
1164,PT,2012,168538.8,111963.4,0.664318246
1165,PT,2013,170675.6,111646.9,0.654146814
1166,PT,2014,173186.7,114534.3,0.661334271
1167,PT,2015,179392.7,117450.1,0.654709473
1168,PT,2016,186380.7,121508.1,0.651934991
1169,PT,2017,195509.1,125659.4,0.642729162
1170,PT,2018,204997.6,130983.6,0.638951871
1171,PT,2019,214489.9,136737.8,0.637502279
1172,PT,2020,201032.7,128047.1,0.636946626
1173,PT,2021,216493.7,137058.3,0.633082164
1174,PT,2022,243957.1,155215.3,0.636240142
1175,PT,2023,270352.6,166611.9,0.6162763
1176,PT,2024,289784.3,176283.1,0.608325227
1177,PT,2025,306749.6,187114,0.609989385
1191,RO,2008,539831.4,344899.5,0.638902257
1192,RO,2009,530919.6,335126.1,0.631218173
1193,RO,2010,540447.5,348374.3,0.644603407
1194,RO,2011,587235,378544.2,0.644621319
1195,RO,2012,621214.7,401834.2,0.646852368
1196,RO,2013,631634,387649.7,0.613725195
1197,RO,2014,668905,408150.2,0.610176632
1198,RO,2015,712548.6,437396.4,0.613847813
1199,RO,2016,752129.1,466968.6,0.620862296
1200,RO,2017,851620.6,534845.2,0.628032248
1201,RO,2018,953049.2,607465.1,0.637391123
1202,RO,2019,1059822.1,659953.8,0.622702433
1203,RO,2020,1063650.7,651092.5,0.612129997
1204,RO,2021,1186015.4,728843.1,0.614530891
1205,RO,2022,1384597.8,875139.9,0.63205351
1206,RO,2023,1590749.4,977935.7,0.614764148
1207,RO,2024,1759183.3,1099448.6,0.624976715
1208,RO,2025,1916404.9,1188992.3,0.620428543
1222,RS,2008,3021363.9,2207486.2,0.730625728
1223,RS,2009,3173313.6,2311481.8,0.72841266
1224,RS,2010,3384054.3,2474565.8,0.731242935
1225,RS,2011,3758417.3,2751627.3,0.732123945
1226,RS,2012,3967883.5,2893837.7,0.729315188
1227,RS,2013,4296737.4,3035684.4,0.706509176
1228,RS,2014,4341966.7,3100327.1,0.714037512
1229,RS,2015,4493630.1,3144904.7,0.699858384
1230,RS,2016,4698762.4,3248194.9,0.691287327
1231,RS,2017,4953979.8,3430334.2,0.692440086
1232,RS,2018,5287993.8,3581473.2,0.677283926
1233,RS,2019,5669235.2,3762301.6,0.66363477
1234,RS,2020,5764147.6,3725546.7,0.646330899
1235,RS,2021,6576024,4205470.3,0.639515656
1236,RS,2022,7460138.8,4901311.5,0.657000041
1237,RS,2023,8817908.5,5520008.4,0.625999737
1238,RS,2024,9748258.7,6047593.1,0.620376755
1239,RS,2025,10392686.9,6489531.5,0.624432504
1255,SE,2008,3391873,1563188,0.460862774
1256,SE,2009,3324135,1612235,0.485008882
1257,SE,2010,3551514,1696742,0.477751742
1258,SE,2011,3704817,1752181,0.472946707
1259,SE,2012,3724495,1780674,0.478098105
1260,SE,2013,3804976,1823615,0.479271091
1261,SE,2014,3963666,1892031,0.477343702
1262,SE,2015,4230936,1991284,0.470648575
1263,SE,2016,4392801,2052532,0.467249029
1264,SE,2017,4575114,2140474,0.467851511
1265,SE,2018,4777837,2236047,0.468004036
1266,SE,2019,5021382,2300307,0.458102371
1267,SE,2020,5012855,2249509,0.448748069
1268,SE,2021,5417760,2429525,0.448437177
1269,SE,2022,5816415,2665339,0.458244297
1270,SE,2023,6143187,2798083,0.455477426
1271,SE,2024,6443039,2917998,0.452891563
1272,SE,2025,6644105,3054812,0.459777803
1286,SI,2008,37742.1,19135.7,0.507012063
1287,SI,2009,35830.3,19493.7,0.544056288
1288,SI,2010,36050.8,20103.3,0.557638111
1289,SI,2011,36782.2,20658.5,0.561643947
1290,SI,2012,35933.6,20558,0.572110782
1291,SI,2013,36041.3,20050.3,0.556314561
1292,SI,2014,37270.9,20264.9,0.543719095
1293,SI,2015,38493.9,20582.4,0.53469251
1294,SI,2016,40013.2,21325.3,0.532956624
1295,SI,2017,42625.5,22197,0.520744625
1296,SI,2018,45462.4,23416.1,0.515065197
1297,SI,2019,48156.5,25049,0.520158234
1298,SI,2020,46738.7,23414.6,0.500968148
1299,SI,2021,52032.4,26935,0.517658228
1300,SI,2022,56901.5,30511.1,0.536209063
1301,SI,2023,64118.9,32977.1,0.514311693
1302,SI,2024,67477.8,34744.6,0.514904161
1303,SI,2025,71170.7,36226.6,0.509010028
1317,SK,2008,68556.6,37491.6,0.546870761
1318,SK,2009,64055.1,37512.9,0.585634867
1319,SK,2010,68726.7,38362.4,0.55818772
1320,SK,2011,71629.5,39135.1,0.546354505
1321,SK,2012,73727.6,40695.2,0.55196697
1322,SK,2013,74642.7,40564.2,0.543444972
1323,SK,2014,76562.3,41532.6,0.542468029
1324,SK,2015,80376.3,42806.4,0.532574901
1325,SK,2016,81621.6,44228.5,0.541872495
1326,SK,2017,84960.4,47360.9,0.557446763
1327,SK,2018,90275.9,50241.3,0.556530591
1328,SK,2019,94547.5,52844.6,0.558921177
1329,SK,2020,94320.6,54205.2,0.574691001
1330,SK,2021,101891.6,57656,0.565856263
1331,SK,2022,109959.8,67473.9,0.613623342
1332,SK,2023,123538.7,72087.7,0.58352322
1333,SK,2024,130207.5,76829.4,0.590053568
1334,SK,2025,136754.3,80225.6,0.58664042
1348,TR,2008,1009220.9,597543,0.592083458
1349,TR,2009,1013510.2,604240.3,0.596185712
1350,TR,2010,1176048,712954.1,0.606228742
1351,TR,2011,1413984.5,857903.3,0.606727514
1352,TR,2012,1590049.3,946579.6,0.595314623
1353,TR,2013,1831744,1073962.2,0.586305837
1354,TR,2014,2062358.2,1193823.4,0.578863264
1355,TR,2015,2354059.1,1359446.9,0.577490557
1356,TR,2016,2629988,1503685.3,0.571746069
1357,TR,2017,3151529.2,1769668.6,0.561526957
1358,TR,2018,3806479.2,2037091.3,0.535164175
1359,TR,2019,4402050.3,2366983.3,0.537700194
1360,TR,2020,5141710.6,2762322,0.537237938
1361,TR,2021,7433799.9,3871514.1,0.520798804
1362,TR,2022,15325857.5,8152804.2,0.531963983
1363,TR,2023,27091469.1,14637977.6,0.540316863
1364,TR,2024,44587225.4,24199736.1,0.542750438
1365,TR,2025,63020905.8,34475642.2,0.547050884
1374,UA,2008,990819,627050,0.63286029
1375,UA,2009,947042,616616,0.651096783
1376,UA,2010,1079346,688319,0.637718581
1377,UA,2011,1299991,868524,0.66810001
1378,UA,2012,1404669,959196,0.682862653
1379,UA,2013,1465198,1057361,0.721650589
1380,UA,2014,1586915,1133749,0.714435871
1381,UA,2015,1988544,1347314,0.677537937
1382,UA,2016,2385367,1588601,0.665977604
1383,UA,2017,2981227,2001505,0.67136954
1384,UA,2018,3560302,2469755,0.693692558
1385,UA,2019,3977198,2958119,0.743769609
1386,UA,2020,4222026,3094144,0.732857638
1387,UA,2021,5450849,3767172,0.691116558
1388,UA,2022,5239114,3382196,0.645566407
1389,UA,2023,6627961,4041895,0.609824801
1390,UA,2024,7662376,4870317,0.635614462
1404,UK,2008,1589259,1020924,0.642389944
1405,UK,2009,1548513,997724,0.644311026
1406,UK,2010,1606027,1028051,0.640120621
1407,UK,2011,1660141,1065596,0.641870781
1408,UK,2012,1711770,1103991,0.644941201
1409,UK,2013,1780336,1153762,0.648058569
1410,UK,2014,1863008,1197982,0.643036423
1411,UK,2015,1919641,1233446,0.642539933
1412,UK,2016,1994712,1292950,0.648188811
1413,UK,2017,2068757,1334396,0.645023074
1414,UK,2018,2141792,1385691,0.646977391
1415,UK,2019,2217787,1420277,0.640402798
1416,XK,2008,3537.6,3358.6,0.949400724
1417,XK,2009,3610.4,3443.5,0.953772435
1418,XK,2010,4031,3766.3,0.934333912
1419,XK,2011,4555.9,3986.3,0.874975307
1420,XK,2012,4797.3,4192.8,0.87399162
1421,XK,2013,5071.3,4369,0.861514799
1422,XK,2014,5325.1,4717.5,0.885898856
1423,XK,2015,5674.4,4827.6,0.850768363
1424,XK,2016,6037.3,4935.9,0.817567456
1425,XK,2017,6356.5,5036.7,0.792370015
1426,XK,2018,6671.5,5324.6,0.798111369
1427,XK,2019,7056.2,5650.9,0.800841813
1428,XK,2020,6771.6,5749,0.848986945
1429,XK,2021,7957.9,6604.8,0.829967705
1430,XK,2022,8895.7,7626.9,0.857369291
1431,XK,2023,9680.1,8143.5,0.84126197
1432,XK,2024,10350.4,8685.6,0.839155975
1433,XK,2025,11026.3,9140.4,0.828963478
